{
  "swagger": "2.0",
  "info": {
    "title": "My API",
    "description": "Main Express Server - Front-End",
    "version": "1.0.0"
  },
  "host": "localhost:3002",
  "basePath": "/",
  "schemes": [
    "http"
  ],
  "paths": {
    "/insert_mongo": {
      "get": {
        "tags": [
          "Load Data"
        ],
        "description": "GET route to load all the dataset in MongoDB.\r  To load the data place the dataset in .json format in a directory in the root of the project called \\'json\\'",
        "responses": {
          "200": {
            "description": "OK"
          },
          "500": {
            "description": "Error! Problem in inserting all the dataset in MongoDB"
          }
        }
      }
    },
    "/flags/insert_flags": {
      "get": {
        "tags": [
          "Load Data"
        ],
        "description": "GET route to load flags\\' dataset in MongoDB.\r  To load the data place the dataset in .json format in a directory in the root of the project called \\'json\\'",
        "responses": {
          "200": {
            "description": "OK"
          },
          "500": {
            "description": "Error! Problem in inserting flags' dataset in MongoDB"
          }
        }
      }
    },
    "/flags/get_all": {
      "get": {
        "tags": [
          "Flags"
        ],
        "description": "GET route to retrieve flags data of every nation.",
        "responses": {
          "200": {
            "description": "OK"
          },
          "404": {
            "description": "Request content was not found."
          },
          "500": {
            "description": "Error! Internal server error"
          }
        }
      }
    },
    "/flags/get_nation_by_code/{code}": {
      "get": {
        "tags": [
          "Flags"
        ],
        "description": "GET route to retrieve flag data about a specific nation.",
        "parameters": [
          {
            "name": "code",
            "in": "path",
            "required": true,
            "type": "string",
            "description": "The 'nation_code' of the nation data to retrieve."
          }
        ],
        "responses": {
          "200": {
            "description": "OK"
          },
          "404": {
            "description": "Request content was not found."
          },
          "500": {
            "description": "Error! Called a GET without the required params. REQUIRED PARAMETER: 'code'. GET: '/get_nation_by_code'"
          }
        }
      }
    },
    "/player_valuations/insert_player_valuations": {
      "get": {
        "tags": [
          "Load Data"
        ],
        "description": "GET route to load player_valuations\\' dataset in MongoDB.\r  To load the data place the dataset in .json format in a directory in the root of the project called \\'json\\'",
        "responses": {
          "200": {
            "description": "OK"
          },
          "500": {
            "description": "Error! Problem in inserting player_valuations' dataset in MongoDB"
          }
        }
      }
    },
    "/player_valuations/get_valuations_of_player/{player_id}": {
      "get": {
        "tags": [
          "Player Valuations"
        ],
        "description": "GET route to retrieve the valuations of a specific player.",
        "parameters": [
          {
            "name": "player_id",
            "in": "path",
            "required": true,
            "type": "number",
            "description": "The 'id' of the player to retrieve."
          }
        ],
        "responses": {
          "200": {
            "description": "OK"
          },
          "404": {
            "description": "Request content was not found."
          },
          "500": {
            "description": "Error! Called a GET without the required params. REQUIRED PARAMETER: 'player_id'. GET: '/get_valuations_of_player'"
          }
        }
      }
    },
    "/player_valuations/get_last_players_by_valuations": {
      "get": {
        "tags": [
          "Player Valuations"
        ],
        "description": "GET route to retrieve 24 players with the more recent and higher valuations.",
        "responses": {
          "200": {
            "description": "OK"
          },
          "404": {
            "description": "Request content was not found."
          },
          "500": {
            "description": "Error! internal server error"
          }
        }
      }
    },
    "/appearances/insert_appearances": {
      "get": {
        "tags": [
          "Load Data"
        ],
        "description": "GET route to load appearances\\' dataset in MongoDB.\r  To load the data place the dataset in .json format in a directory in the root of the project called \\'json\\'",
        "responses": {
          "200": {
            "description": "OK"
          },
          "500": {
            "description": "Error! Problem in inserting appearances' dataset in MongoDB"
          }
        }
      }
    },
    "/appearances/get_every_player_appearances/{player_id}": {
      "get": {
        "tags": [
          "Appearances"
        ],
        "description": "GET route to retrieve all the appearances of a specific player.",
        "parameters": [
          {
            "name": "player_id",
            "in": "path",
            "required": true,
            "type": "number",
            "description": "The 'id' of the player to retrieve."
          }
        ],
        "responses": {
          "200": {
            "description": "OK"
          },
          "404": {
            "description": "Request content was not found."
          },
          "500": {
            "description": "Error! Called a GET without the required params. REQUIRED PARAMETER: 'player_id'. GET: '/get_every_player_appearances'"
          }
        }
      }
    },
    "/appearances/get_game_appearances/{game_id}": {
      "get": {
        "tags": [
          "Appearances"
        ],
        "description": "GET route to retrieve the appearances of a specific game.",
        "parameters": [
          {
            "name": "game_id",
            "in": "path",
            "required": true,
            "type": "number",
            "description": "The 'id' of the game to retrieve."
          }
        ],
        "responses": {
          "200": {
            "description": "OK"
          },
          "404": {
            "description": "Request content was not found."
          },
          "500": {
            "description": "Error! Called a GET without the required params. REQUIRED PARAMETER: 'game_id'. GET: '/get_game_appearances'"
          }
        }
      }
    },
    "/competitions/insert_competitions": {
      "get": {
        "tags": [
          "Load Data"
        ],
        "description": "GET route to load competitions\\' dataset in MongoDB.\r  To load the data place the dataset in .json format in a directory in the root of the project called \\'json\\'",
        "responses": {
          "200": {
            "description": "OK"
          },
          "500": {
            "description": "Error! Problem in inserting competitions' dataset in MongoDB"
          }
        }
      }
    },
    "/competitions/get_competition_by_id/{id}": {
      "get": {
        "tags": [
          "Competition"
        ],
        "description": "GET route to retrieve data of a specific competition.",
        "parameters": [
          {
            "name": "id",
            "in": "path",
            "required": true,
            "type": "string",
            "description": "The 'id' of the competition to retrieve."
          }
        ],
        "responses": {
          "200": {
            "description": "OK"
          },
          "404": {
            "description": "Request content was not found."
          },
          "500": {
            "description": "Error! Called a GET without the required params. REQUIRED PARAMETER: 'id'. GET: '/get_competition_by_id'"
          }
        }
      }
    },
    "/competitions/get_national_competitions/{domestic_league_code}": {
      "get": {
        "tags": [
          "Competition"
        ],
        "description": "GET route to retrieve the competitions of a certain nation.",
        "parameters": [
          {
            "name": "domestic_league_code",
            "in": "path",
            "required": true,
            "type": "string",
            "description": "The 'id' of the nation to retrieve."
          }
        ],
        "responses": {
          "200": {
            "description": "OK"
          },
          "404": {
            "description": "Request content was not found."
          },
          "500": {
            "description": "Error! Called a GET without the required params. REQUIRED PARAMETER: 'domestic_league_code'. GET: '/get_national_competitions'"
          }
        }
      }
    },
    "/game_lineups/insert_game_lineups": {
      "get": {
        "tags": [
          "Load Data"
        ],
        "description": "GET route to load game_lineups\\' dataset in MongoDB.\r  To load the data place the dataset in .json format in a directory in the root of the project called \\'json\\'",
        "responses": {
          "200": {
            "description": "OK"
          },
          "500": {
            "description": "Error! Problem in inserting game_lineups' dataset in MongoDB"
          }
        }
      }
    }
  }
}