[
  {
    "domestic_league_code":"IT1",
    "country_name":"Italy",
    "flag_url":"https:\/\/raw.githubusercontent.com\/lipis\/flag-icons\/05059f9cde4a872f1692cb017abb1140e9aceae9\/flags\/4x3\/it.svg"
  },
  {
    "domestic_league_code":"NL1",
    "country_name":"Netherlands",
    "flag_url":"https:\/\/raw.githubusercontent.com\/lipis\/flag-icons\/05059f9cde4a872f1692cb017abb1140e9aceae9\/flags\/4x3\/nl.svg"
  },
  {
    "domestic_league_code":"GR1",
    "country_name":"Greece",
    "flag_url":"https:\/\/raw.githubusercontent.com\/lipis\/flag-icons\/05059f9cde4a872f1692cb017abb1140e9aceae9\/flags\/4x3\/gr.svg"
  },
  {
    "domestic_league_code":"PO1",
    "country_name":"Portugal",
    "flag_url":"https:\/\/raw.githubusercontent.com\/lipis\/flag-icons\/05059f9cde4a872f1692cb017abb1140e9aceae9\/flags\/4x3\/pt.svg"
  },
  {
    "domestic_league_code":"RU1",
    "country_name":"Russia",
    "flag_url":"https:\/\/raw.githubusercontent.com\/lipis\/flag-icons\/05059f9cde4a872f1692cb017abb1140e9aceae9\/flags\/4x3\/ru.svg"
  },
  {
    "domestic_league_code":"ES1",
    "country_name":"Spain",
    "flag_url":"https:\/\/raw.githubusercontent.com\/lipis\/flag-icons\/05059f9cde4a872f1692cb017abb1140e9aceae9\/flags\/4x3\/es.svg"
  },
  {
    "domestic_league_code":"DK1",
    "country_name":"Denmark",
    "flag_url":"https:\/\/raw.githubusercontent.com\/lipis\/flag-icons\/05059f9cde4a872f1692cb017abb1140e9aceae9\/flags\/4x3\/dk.svg"
  },
  {
    "domestic_league_code":"FR1",
    "country_name":"France",
    "flag_url":"https:\/\/raw.githubusercontent.com\/lipis\/flag-icons\/05059f9cde4a872f1692cb017abb1140e9aceae9\/flags\/4x3\/fr.svg"
  },
  {
    "domestic_league_code":"BE1",
    "country_name":"Belgium",
    "flag_url":"https:\/\/raw.githubusercontent.com\/lipis\/flag-icons\/05059f9cde4a872f1692cb017abb1140e9aceae9\/flags\/4x3\/be.svg"
  },
  {
    "domestic_league_code":"GB1",
    "country_name":"England",
    "flag_url":"https:\/\/raw.githubusercontent.com\/lipis\/flag-icons\/05059f9cde4a872f1692cb017abb1140e9aceae9\/flags\/4x3\/gb.svg"
  },
  {
    "domestic_league_code":"UKR1",
    "country_name":"Ukraine",
    "flag_url":"https:\/\/raw.githubusercontent.com\/lipis\/flag-icons\/05059f9cde4a872f1692cb017abb1140e9aceae9\/flags\/4x3\/ua.svg"
  },
  {
    "domestic_league_code":"TR1",
    "country_name":"Turkey",
    "flag_url":"https:\/\/raw.githubusercontent.com\/lipis\/flag-icons\/05059f9cde4a872f1692cb017abb1140e9aceae9\/flags\/4x3\/tr.svg"
  },
  {
    "domestic_league_code":"L1",
    "country_name":"Germany",
    "flag_url":"https:\/\/raw.githubusercontent.com\/lipis\/flag-icons\/05059f9cde4a872f1692cb017abb1140e9aceae9\/flags\/4x3\/de.svg"
  },
  {
    "domestic_league_code":"SC1",
    "country_name":"Scotland",
    "flag_url":"https:\/\/raw.githubusercontent.com\/lipis\/flag-icons\/05059f9cde4a872f1692cb017abb1140e9aceae9\/flags\/4x3\/gb-sct.svg"
  }
]