[
  {
    "competition_id":"CIT",
    "competition_name":"italy-cup",
    "sub_type":"domestic_cup",
    "competition_type":"domestic_cup",
    "country_name":"Italy",
    "domestic_league_code":"IT1"
  },
  {
    "competition_id":"NLSC",
    "competition_name":"johan-cruijff-schaal",
    "sub_type":"domestic_super_cup",
    "competition_type":"other",
    "country_name":"Netherlands",
    "domestic_league_code":"NL1"
  },
  {
    "competition_id":"GRP",
    "competition_name":"kypello-elladas",
    "sub_type":"domestic_cup",
    "competition_type":"domestic_cup",
    "country_name":"Greece",
    "domestic_league_code":"GR1"
  },
  {
    "competition_id":"POSU",
    "competition_name":"supertaca-candido-de-oliveira",
    "sub_type":"domestic_super_cup",
    "competition_type":"other",
    "country_name":"Portugal",
    "domestic_league_code":"PO1"
  },
  {
    "competition_id":"RUSS",
    "competition_name":"russian-super-cup",
    "sub_type":"domestic_super_cup",
    "competition_type":"other",
    "country_name":"Russia",
    "domestic_league_code":"RU1"
  },
  {
    "competition_id":"SUC",
    "competition_name":"supercopa",
    "sub_type":"domestic_super_cup",
    "competition_type":"other",
    "country_name":"Spain",
    "domestic_league_code":"ES1"
  },
  {
    "competition_id":"USC",
    "competition_name":"uefa-super-cup",
    "sub_type":"uefa_super_cup",
    "competition_type":"other",
    "country_name":null,
    "domestic_league_code":null
  },
  {
    "competition_id":"DK1",
    "competition_name":"superligaen",
    "sub_type":"first_tier",
    "competition_type":"domestic_league",
    "country_name":"Denmark",
    "domestic_league_code":"DK1"
  },
  {
    "competition_id":"EL",
    "competition_name":"europa-league",
    "sub_type":"europa_league",
    "competition_type":"international_cup",
    "country_name":null,
    "domestic_league_code":null
  },
  {
    "competition_id":"ES1",
    "competition_name":"laliga",
    "sub_type":"first_tier",
    "competition_type":"domestic_league",
    "country_name":"Spain",
    "domestic_league_code":"ES1"
  },
  {
    "competition_id":"FR1",
    "competition_name":"ligue-1",
    "sub_type":"first_tier",
    "competition_type":"domestic_league",
    "country_name":"France",
    "domestic_league_code":"FR1"
  },
  {
    "competition_id":"IT1",
    "competition_name":"serie-a",
    "sub_type":"first_tier",
    "competition_type":"domestic_league",
    "country_name":"Italy",
    "domestic_league_code":"IT1"
  },
  {
    "competition_id":"NL1",
    "competition_name":"eredivisie",
    "sub_type":"first_tier",
    "competition_type":"domestic_league",
    "country_name":"Netherlands",
    "domestic_league_code":"NL1"
  },
  {
    "competition_id":"RUP",
    "competition_name":"russian-cup",
    "sub_type":"domestic_cup",
    "competition_type":"domestic_cup",
    "country_name":"Russia",
    "domestic_league_code":"RU1"
  },
  {
    "competition_id":"PO1",
    "competition_name":"liga-portugal-bwin",
    "sub_type":"first_tier",
    "competition_type":"domestic_league",
    "country_name":"Portugal",
    "domestic_league_code":"PO1"
  },
  {
    "competition_id":"BESC",
    "competition_name":"belgian-supercup",
    "sub_type":"domestic_super_cup",
    "competition_type":"other",
    "country_name":"Belgium",
    "domestic_league_code":"BE1"
  },
  {
    "competition_id":"GB1",
    "competition_name":"premier-league",
    "sub_type":"first_tier",
    "competition_type":"domestic_league",
    "country_name":"England",
    "domestic_league_code":"GB1"
  },
  {
    "competition_id":"ELQ",
    "competition_name":"europa-league-qualifikation",
    "sub_type":"europa_league_qualifying",
    "competition_type":"international_cup",
    "country_name":null,
    "domestic_league_code":null
  },
  {
    "competition_id":"CGB",
    "competition_name":"efl-cup",
    "sub_type":"league_cup",
    "competition_type":"other",
    "country_name":"England",
    "domestic_league_code":"GB1"
  },
  {
    "competition_id":"DKP",
    "competition_name":"sydbank-pokalen",
    "sub_type":"domestic_cup",
    "competition_type":"domestic_cup",
    "country_name":"Denmark",
    "domestic_league_code":"DK1"
  },
  {
    "competition_id":"ECLQ",
    "competition_name":"uefa-europa-conference-league-qualifikation",
    "sub_type":"uefa_europa_conference_league_qualifiers",
    "competition_type":"international_cup",
    "country_name":null,
    "domestic_league_code":null
  },
  {
    "competition_id":"FAC",
    "competition_name":"fa-cup",
    "sub_type":"domestic_cup",
    "competition_type":"domestic_cup",
    "country_name":"England",
    "domestic_league_code":"GB1"
  },
  {
    "competition_id":"NLP",
    "competition_name":"toto-knvb-beker",
    "sub_type":"domestic_cup",
    "competition_type":"domestic_cup",
    "country_name":"Netherlands",
    "domestic_league_code":"NL1"
  },
  {
    "competition_id":"UKRS",
    "competition_name":"ukrainian-super-cup",
    "sub_type":"domestic_super_cup",
    "competition_type":"other",
    "country_name":"Ukraine",
    "domestic_league_code":"UKR1"
  },
  {
    "competition_id":"UKR1",
    "competition_name":"premier-liga",
    "sub_type":"first_tier",
    "competition_type":"domestic_league",
    "country_name":"Ukraine",
    "domestic_league_code":"UKR1"
  },
  {
    "competition_id":"CDR",
    "competition_name":"copa-del-rey",
    "sub_type":"domestic_cup",
    "competition_type":"domestic_cup",
    "country_name":"Spain",
    "domestic_league_code":"ES1"
  },
  {
    "competition_id":"CL",
    "competition_name":"uefa-champions-league",
    "sub_type":"uefa_champions_league",
    "competition_type":"international_cup",
    "country_name":null,
    "domestic_league_code":null
  },
  {
    "competition_id":"GR1",
    "competition_name":"super-league-1",
    "sub_type":"first_tier",
    "competition_type":"domestic_league",
    "country_name":"Greece",
    "domestic_league_code":"GR1"
  },
  {
    "competition_id":"TR1",
    "competition_name":"super-lig",
    "sub_type":"first_tier",
    "competition_type":"domestic_league",
    "country_name":"Turkey",
    "domestic_league_code":"TR1"
  },
  {
    "competition_id":"POCP",
    "competition_name":"allianz-cup",
    "sub_type":"domestic_cup",
    "competition_type":"domestic_cup",
    "country_name":"Portugal",
    "domestic_league_code":"PO1"
  },
  {
    "competition_id":"GBCS",
    "competition_name":"community-shield",
    "sub_type":"domestic_super_cup",
    "competition_type":"other",
    "country_name":"England",
    "domestic_league_code":"GB1"
  },
  {
    "competition_id":"L1",
    "competition_name":"bundesliga",
    "sub_type":"first_tier",
    "competition_type":"domestic_league",
    "country_name":"Germany",
    "domestic_league_code":"L1"
  },
  {
    "competition_id":"RU1",
    "competition_name":"premier-liga",
    "sub_type":"first_tier",
    "competition_type":"domestic_league",
    "country_name":"Russia",
    "domestic_league_code":"RU1"
  },
  {
    "competition_id":"SC1",
    "competition_name":"scottish-premiership",
    "sub_type":"first_tier",
    "competition_type":"domestic_league",
    "country_name":"Scotland",
    "domestic_league_code":"SC1"
  },
  {
    "competition_id":"SCI",
    "competition_name":"supercoppa-italiana",
    "sub_type":"domestic_super_cup",
    "competition_type":"other",
    "country_name":"Italy",
    "domestic_league_code":"IT1"
  },
  {
    "competition_id":"BE1",
    "competition_name":"jupiler-pro-league",
    "sub_type":"first_tier",
    "competition_type":"domestic_league",
    "country_name":"Belgium",
    "domestic_league_code":"BE1"
  },
  {
    "competition_id":"CLQ",
    "competition_name":"uefa-champions-league-qualifikation",
    "sub_type":"uefa_champions_league_qualifying",
    "competition_type":"international_cup",
    "country_name":null,
    "domestic_league_code":null
  },
  {
    "competition_id":"DFL",
    "competition_name":"dfl-supercup",
    "sub_type":"domestic_super_cup",
    "competition_type":"other",
    "country_name":"Germany",
    "domestic_league_code":"L1"
  },
  {
    "competition_id":"SFA",
    "competition_name":"sfa-cup",
    "sub_type":"domestic_cup",
    "competition_type":"domestic_cup",
    "country_name":"Scotland",
    "domestic_league_code":"SC1"
  },
  {
    "competition_id":"UKRP",
    "competition_name":"ukrainian-cup",
    "sub_type":"domestic_cup",
    "competition_type":"domestic_cup",
    "country_name":"Ukraine",
    "domestic_league_code":"UKR1"
  },
  {
    "competition_id":"DFB",
    "competition_name":"dfb-pokal",
    "sub_type":"domestic_cup",
    "competition_type":"domestic_cup",
    "country_name":"Germany",
    "domestic_league_code":"L1"
  },
  {
    "competition_id":"FRCH",
    "competition_name":"trophee-des-champions",
    "sub_type":"domestic_super_cup",
    "competition_type":"other",
    "country_name":"France",
    "domestic_league_code":"FR1"
  }
]